{
  "assetsByChunkName": {
    "component---src-pages-index-js": [
      "component---src-pages-index-js-a5c9c2caf5a8debcf424.js",
      "component---src-pages-index-js-a5c9c2caf5a8debcf424.js.map"
    ],
    "path---": [
      "path----43dd20cc64264c833f55.js",
      "path----43dd20cc64264c833f55.js.map"
    ],
    "component---src-layouts-index-js": [
      "component---src-layouts-index-js-07426ce9f032f7d59978.js",
      "component---src-layouts-index-js-07426ce9f032f7d59978.js.map"
    ],
    "path---index": [
      "path---index-a0e39f21c11f6a62c5ab.js",
      "path---index-a0e39f21c11f6a62c5ab.js.map"
    ],
    "commons": [
      "commons-b3e7573ddf15dcaba3fe.js",
      "build-js-styles.css",
      "commons-b3e7573ddf15dcaba3fe.js.map",
      "build-js-styles.css.map"
    ],
    "app": [
      "app-e919225dddb585f67934.js",
      "build-js-styles.css",
      "app-e919225dddb585f67934.js.map",
      "build-js-styles.css.map"
    ]
  }
}