{
  "assetsByChunkName": {
    "component---src-pages-index-js": [
      "component---src-pages-index-js-1f067c3aa8a410c8e547.js",
      "component---src-pages-index-js-1f067c3aa8a410c8e547.js.map"
    ],
    "path---": [
      "path----02fee1114ce49db8cb90.js",
      "path----02fee1114ce49db8cb90.js.map"
    ],
    "component---src-layouts-index-js": [
      "component---src-layouts-index-js-542c591364d1351dcb59.js",
      "component---src-layouts-index-js-542c591364d1351dcb59.js.map"
    ],
    "path---index": [
      "path---index-a0e39f21c11f6a62c5ab.js",
      "path---index-a0e39f21c11f6a62c5ab.js.map"
    ],
    "commons": [
      "commons-b3e7573ddf15dcaba3fe.js",
      "build-js-styles.css",
      "commons-b3e7573ddf15dcaba3fe.js.map",
      "build-js-styles.css.map"
    ],
    "app": [
      "app-a2feec7296aa5d0369de.js",
      "build-js-styles.css",
      "app-a2feec7296aa5d0369de.js.map",
      "build-js-styles.css.map"
    ]
  }
}